{
    "C0": [
        16.3516,
        "10"
    ],
    "C#0": [
        17.323916733725454,
        "20"
    ],
    "D0": [
        18.354050429135548,
        "30"
    ],
    "D#0": [
        19.4454390616785,
        "40"
    ],
    "E0": [
        20.601725039461016,
        "50"
    ],
    "F0": [
        21.826767359446745,
        "60"
    ],
    "F#0": [
        23.124654486499914,
        "70"
    ],
    "G0": [
        24.49971799825676,
        "80"
    ],
    "G#0": [
        25.956547041363226,
        "90"
    ],
    "A0": [
        27.500003647325297,
        "q0"
    ],
    "A#0": [
        29.135238959087165,
        "w0"
    ],
    "B0": [
        30.86771042249198,
        "e0"
    ],
    "C1": [
        32.703200000000024,
        "r0"
    ],
    "C#1": [
        34.64783346745093,
        "t0"
    ],
    "D1": [
        36.708100858271116,
        "y0"
    ],
    "D#1": [
        38.89087812335702,
        "u0"
    ],
    "E1": [
        41.20345007892205,
        "i0"
    ],
    "F1": [
        43.65353471889351,
        "o0"
    ],
    "F#1": [
        46.24930897299985,
        "a0"
    ],
    "G1": [
        48.99943599651354,
        "s0"
    ],
    "G#1A1": [
        51.913094082726474,
        "d0"
    ],
    "A#1": [
        55.000007294650615,
        "f0"
    ],
    "B1": [
        58.27047791817436,
        "g0"
    ],
    "C2": [
        61.73542084498399,
        "h0"
    ],
    "C#2": [
        65.40640000000008,
        "j0"
    ],
    "D2": [
        69.29566693490189,
        "k0"
    ],
    "D#2": [
        73.41620171654226,
        "l0"
    ],
    "E2": [
        77.78175624671407,
        "z0"
    ],
    "F2": [
        82.40690015784413,
        "x0"
    ],
    "F#2": [
        87.30706943778705,
        "c0"
    ],
    "G2": [
        92.49861794599973,
        "v0"
    ],
    "G#2": [
        97.99887199302711,
        "b0"
    ],
    "A2": [
        103.82618816545298,
        "n0"
    ],
    "A#2": [
        110.00001458930126,
        "m0"
    ],
    "B2": [
        116.54095583634874,
        ",0"
    ],
    "C3": [
        123.47084168996801,
        ".0"
    ],
    "C#3": [
        130.81280000000018,
        "11"
    ],
    "D3": [
        138.5913338698038,
        "21"
    ],
    "D#3": [
        146.83240343308455,
        "31"
    ],
    "E3": [
        155.56351249342816,
        "41"
    ],
    "F3": [
        164.8138003156883,
        "51"
    ],
    "F#3": [
        174.61413887557413,
        "61"
    ],
    "G3": [
        184.99723589199948,
        "71"
    ],
    "G#3": [
        195.99774398605425,
        "81"
    ],
    "A3": [
        207.652376330906,
        "91"
    ],
    "A#3": [
        220.00002917860257,
        "q1"
    ],
    "B3": [
        233.08191167269754,
        "w1"
    ],
    "C4": [
        246.94168337993608,
        "e1"
    ],
    "C#4": [
        261.6256000000004,
        "r1"
    ],
    "D4": [
        277.18266773960767,
        "t1"
    ],
    "D#4": [
        293.66480686616916,
        "y1"
    ],
    "E4": [
        311.1270249868564,
        "u1"
    ],
    "F4": [
        329.62760063137665,
        "i1"
    ],
    "F#4": [
        349.2282777511483,
        "o1"
    ],
    "G4": [
        369.994471783999,
        "a1"
    ],
    "G#4": [
        391.99548797210855,
        "s1"
    ],
    "A4": [
        415.3047526618121,
        "d1"
    ],
    "A#4": [
        440.0000583572052,
        "f1"
    ],
    "B4": [
        466.16382334539514,
        "g1"
    ],
    "C5": [
        493.8833667598722,
        "h1"
    ],
    "C#5": [
        523.251200000001,
        "j1"
    ],
    "D5": [
        554.3653354792156,
        "k1"
    ],
    "D#5": [
        587.3296137323385,
        "l1"
    ],
    "E5": [
        622.2540499737131,
        "z1"
    ],
    "F5": [
        659.2552012627536,
        "x1"
    ],
    "F#5": [
        698.456555502297,
        "c1"
    ],
    "G5": [
        739.9889435679984,
        "v1"
    ],
    "G#5": [
        783.9909759442176,
        "b1"
    ],
    "A5": [
        830.6095053236246,
        "n1"
    ],
    "A#5": [
        880.0001167144109,
        "m1"
    ],
    "B5": [
        932.3276466907907,
        ",1"
    ],
    "C6": [
        987.766733519745,
        ".1"
    ],
    "C#6": [
        1046.5024000000026,
        "12"
    ],
    "D6": [
        1108.7306709584318,
        "22"
    ],
    "D#6": [
        1174.6592274646778,
        "32"
    ],
    "E6": [
        1244.508099947427,
        "42"
    ],
    "F6": [
        1318.510402525508,
        "52"
    ],
    "F#6": [
        1396.9131110045946,
        "62"
    ],
    "G6": [
        1479.9778871359977,
        "72"
    ],
    "G#6": [
        1567.981951888436,
        "82"
    ],
    "A6": [
        1661.2190106472501,
        "92"
    ],
    "A#6": [
        1760.0002334288226,
        "q2"
    ],
    "B6": [
        1864.6552933815824,
        "w2"
    ],
    "C7": [
        1975.533467039491,
        "e2"
    ],
    "C#7": [
        2093.004800000006,
        "r2"
    ],
    "D7": [
        2217.4613419168645,
        "t2"
    ],
    "D#7": [
        2349.3184549293564,
        "y2"
    ],
    "E7": [
        2489.0161998948547,
        "u2"
    ],
    "F7": [
        2637.0208050510173,
        "i2"
    ],
    "F#7": [
        2793.826222009191,
        "o2"
    ],
    "G7": [
        2959.955774271997,
        "a2"
    ],
    "G#7": [
        3135.963903776874,
        "s2"
    ],
    "A7": [
        3322.438021294502,
        "d2"
    ],
    "A#7": [
        3520.0004668576476,
        "f2"
    ],
    "B7": [
        3729.3105867631675,
        "g2"
    ],
    "C8": [
        3951.0669340789846,
        "h2"
    ],
    "C#8": [
        4186.009600000015,
        "j2"
    ],
    "D8": [
        4434.922683833732,
        "k2"
    ],
    "D#8": [
        4698.6369098587165,
        "l2"
    ],
    "E8": [
        4978.032399789713,
        "z2"
    ],
    "F8": [
        5274.041610102038,
        "x2"
    ],
    "F#8": [
        5587.652444018386,
        "c2"
    ],
    "G8": [
        5919.911548543998,
        "v2"
    ],
    "G#8": [
        6271.927807553751,
        "b2"
    ],
    "A8": [
        6644.876042589009,
        "n2"
    ],
    "A#8": [
        7040.0009337153,
        "m2"
    ],
    "B8": [
        7458.62117352634,
        ",2"
    ]
}